id,scientific_name,rank,kingdom,phylum,class,order,family,genus
42,Gyroweisia tenuis (Hedw.) Schimp.,SPECIES,Plantae,Bryophyta,Bryopsida,Dicranales,Pottiaceae,Gyroweisia
44,Habrodon perpusillus (De Not.) Lindb.,SPECIES,Plantae,Bryophyta,Bryopsida,Hypnales,Habrodontaceae,Habrodon
46,Hamatocaulis vernicosus (Mitt.) Hedenäs,SPECIES,Plantae,Bryophyta,Bryopsida,Hypnales,Calliergonaceae,Hamatocaulis
53,Hedwigia ciliata (Hedw.) P.Beauv.,SPECIES,Plantae,Bryophyta,Bryopsida,Hedwigiales,Grimmiaceae,Hedwigia
54,Hedwigia stellata Hedenäs,SPECIES,Plantae,Bryophyta,Bryopsida,Hedwigiales,Grimmiaceae,Hedwigia
58,Hennediella heimii (Hedw.) R.H.Zander,SPECIES,Plantae,Bryophyta,Bryopsida,Dicranales,Pottiaceae,Hennediella
60,Herzogiella seligeri (Brid.) Z.Iwats.,SPECIES,Plantae,Bryophyta,Bryopsida,Hypnales,Plagiotheciaceae,Herzogiella
65,Homalia trichomanoides (Hedw.) Brid.,SPECIES,Plantae,Bryophyta,Bryopsida,Hypnales,Neckeraceae,Homalia
68,Pallavicinia lyellii (Hook.) Gray,SPECIES,Plantae,Marchantiophyta,Jungermanniopsida,Pallaviciniales,Pallaviciniacea,Pallavicinia
77,Apopellia endiviifolia (Dicks.) Nebel & D.Quandt,SPECIES,Plantae,Marchantiophyta,Jungermanniopsida,Pelliales,Pelliacaea,Pellia
78,Pellia epiphylla (L.) Corda,SPECIES,Plantae,Marchantiophyta,Jungermanniopsida,Pelliales,Pelliaceae,Pellia
79,Pellia neesiana (Gottsche) Limpr.,SPECIES,Plantae,Marchantiophyta,Jungermanniopsida,Pelliales,Pelliaceae,Pellia
81,Phaeoceros carolinianus (Michx.) Prosk.,SPECIES,Plantae,Anthocerotophyta,Anthocerotopsida,Notothyladales,Notothyladaceae,Phaeoceros
84,Philonotis capillaris Lindb.,SPECIES,Plantae,Bryophyta,Bryopsida,Bartramiales,Bartramiaceae,Philonotis
85,Philonotis caespitosa Jur.,SPECIES,Plantae,Bryophyta,Bryopsida,Bartramiales,Bartramiaceae,Philonotis
86,Philonotis calcarea (Bruch & Schimp.) Schimp.,SPECIES,Plantae,Bryophyta,Bryopsida,Bartramiales,Bartramiaceae,Philonotis
87,Philonotis fontana (Hedw.) Brid.,SPECIES,Plantae,Bryophyta,Bryopsida,Bartramiales,Bartramiaceae,Philonotis
88,Philonotis marchica (Hedw.) Brid.,SPECIES,Plantae,Bryophyta,Bryopsida,Bartramiales,Bartramiaceae,Philonotis
91,Physcomitrium eurystomum Sendtn.,SPECIES,Plantae,Bryophyta,Bryopsida,Funariales,Funariaceae,Physcomitrium
93,Acaulon muticum (Hedw.) Mll.Hal.,SPECIES,Plantae,Bryophyta,Bryopsida,Dicranales,Pottiaceae,Acaulon
96,Aloina aloides (Koch ex Schultz) Kindb.,SPECIES,Plantae,Bryophyta,Bryopsida,Dicranales,Pottiaceae,Aloina
97,Aloina rigida (Hedw.) Limpr.,SPECIES,Plantae,Bryophyta,Bryopsida,Dicranales,Pottiaceae,Aloina
99,Amblyodon dealbatus (Hedw.) P.Beauv.,SPECIES,Plantae,Bryophyta,Bryopsida,Splachnales,Meesiaceae,Amblyodon
103,Pseudocampylium radicale (P.Beauv.) Vanderp. & Hedenäs,SPECIES,Plantae,Bryophyta,Bryopsida,Hypnales,Amblystegiaceae,Pseudocampylium
104,Amblystegium serpens (Hedw.) Schimp.,SPECIES,Plantae,Bryophyta,Bryopsida,Hypnales,Amblystegiaceae,Amblystegium
115,Aneura maxima (Schiffn.) Steph.,SPECIES,Plantae,Marchantiophyta,Jungermanniopsida,Metzgeriales,Aneuraceae,Aneura
116,Aneura pinguis (L.) Dumort.,SPECIES,Plantae,Marchantiophyta,Jungermanniopsida,Metzgeriales,Aneuraceae,Aneura
121,Pseudanomodon attenuatus (Hedw.) Ignatov & Fedosov,SPECIES,Plantae,Bryophyta,Bryopsida,Hypnales,Neckeraceae,Pseudanomodon
124,Anomodon viticulosus (Hedw.) Hook. & Taylor,SPECIES,Plantae,Bryophyta,Bryopsida,Hypnales,Anomodontaceae,Anomodon
126,Anthoceros agrestis Paton,SPECIES,Plantae,Anthocerotophyta,Anthocerotopsida,Anthocerotales,Anthocerotaceae,Anthoceros
127,Anthoceros caucasicus Steph.,SPECIES,Plantae,Anthocerotophyta,Anthocerotopsida,Anthocerotales,Anthocerotaceae,Anthoceros
128,Anthoceros punctatus L.,SPECIES,Plantae,Anthocerotophyta,Anthocerotopsida,Anthocerotales,Anthocerotaceae,Anthoceros
130,Antitrichia curtipendula (Hedw.) Brid.,SPECIES,Plantae,Bryophyta,Bryopsida,Hypnales,Leucodontaceae,Antitrichia
136,Archidium alternifolium (Hedw.) Mitt.,SPECIES,Plantae,Bryophyta,Bryopsida,Archidiales,Archidiaceae,Archidium
138,Atrichum angustatum (Brid.) Bruch & Schimp.,SPECIES,Plantae,Bryophyta,Polytrichopsida,Polytrichales,Polytrichaceae,Atrichum
139,Atrichum tenellum (R”hl.) Bruch & Schimp.,SPECIES,Plantae,Bryophyta,Polytrichopsida,Polytrichales,Polytrichaceae,Atrichum
140,Atrichum undulatum (Hedw.) P.Beauv.,SPECIES,Plantae,Bryophyta,Polytrichopsida,Polytrichales,Polytrichaceae,Atrichum
142,Aulacomnium androgynum (Hedw.) Schwägr.,SPECIES,Plantae,Bryophyta,Bryopsida,Aulacomniales,Aulacomniaceae,Aulacomnium
143,Aulacomnium palustre (Hedw.) Schwägr.,SPECIES,Plantae,Bryophyta,Bryopsida,Aulacomniales,Aulacomniaceae,Aulacomnium
145,"Neoorthocaulis attenuatus (Mart.) L.S”derstr., De Roo & Hedd.",SPECIES,Plantae,Marchantiophyta,Jungermanniopsida,Jungermanniales,Anastrophyllaceae,Neoorthocaulis
146,Barbilophozia barbata (Schmidel ex Schreb.) Loeske,SPECIES,Plantae,Marchantiophyta,Jungermanniopsida,Jungermanniales,Anastrophyllaceae,Barbilophozia
147,"Neoorthocaulis floerkei (F.Weber & D.Mohr) L.S”derstr., De Roo & Hedd.",SPECIES,Plantae,Marchantiophyta,Jungermanniopsida,Jungermanniales,Anastrophyllaceae,Neoorthocaulis
148,Barbilophozia hatcheri (A.Evans) Loeske,SPECIES,Plantae,Marchantiophyta,Jungermanniopsida,Jungermanniales,Anastrophyllaceae,Barbilophozia
151,Streblotrichum convolutum (Hedw.) P.Beauv.,SPECIES,Plantae,Bryophyta,Bryopsida,Dicranales,Pottiaceae,Streblotrichum
152,Barbula unguiculata Hedw.,SPECIES,Plantae,Bryophyta,Bryopsida,Dicranales,Pottiaceae,Barbula
156,Bartramia pomiformis Hedw.,SPECIES,Plantae,Bryophyta,Bryopsida,Bartramiales,Bartramiaceae,Bartramia
158,Bazzania trilobata (L.) S.F.Gray,SPECIES,Plantae,Marchantiophyta,Jungermanniopsida,Jungermanniales,Lepidoziaceae,Bazzania
161,Blasia pusilla L.,SPECIES,Plantae,Marchantiophyta,Marchantiopsida,Blasiales,Blasiaceae,Blasia
165,Brachythecium albicans (Hedw.) Schimp.,SPECIES,Plantae,Bryophyta,Bryopsida,Hypnales,Brachytheciaceae,Brachythecium
167,Brachythecium glareosum (Bruch ex Spruce) Schimp.,SPECIES,Plantae,Bryophyta,Bryopsida,Hypnales,Brachytheciaceae,Brachythecium
168,Brachythecium mildeanum (Schimp.) Schimp.,SPECIES,Plantae,Bryophyta,Bryopsida,Hypnales,Brachytheciaceae,Brachythecium
174,Brachythecium rivulare Schimp.,SPECIES,Plantae,Bryophyta,Bryopsida,Hypnales,Brachytheciaceae,Brachythecium
175,Brachythecium rutabulum (Hedw.) Schimp.,SPECIES,Plantae,Bryophyta,Bryopsida,Hypnales,Brachytheciaceae,Brachythecium
176,Brachythecium salebrosum (Hoffm. ex F.Weber & D.Mohr) Schimp.,SPECIES,Plantae,Bryophyta,Bryopsida,Hypnales,Brachytheciaceae,Brachythecium
181,Bryoerythrophyllum ferruginascens (Stirt.) Giacom.,SPECIES,Plantae,Bryophyta,Bryopsida,Dicranales,Pottiaceae,Bryoerythrophyllum
182,Bryoerythrophyllum recurvirostrum (Hedw.) P.C.Chen,SPECIES,Plantae,Bryophyta,Bryopsida,Dicranales,Pottiaceae,Bryoerythrophyllum
184,Ptychostomum compactum Hornsch.,SPECIES,Plantae,Bryophyta,Bryopsida,Bryales,Bryaceae,Ptychostomum
186,Bryum argenteum Hedw.,SPECIES,Plantae,Bryophyta,Bryopsida,Bryales,Bryaceae,Bryum
187,Bryum dichotomum Hedw.,SPECIES,Plantae,Bryophyta,Bryopsida,Bryales,Bryaceae,Bryum
188,Ptychostomum bornholmense (Wink. & R.Ruthe) Holyoak & N.Pedersen,SPECIES,Plantae,Bryophyta,Bryopsida,Bryales,Bryaceae,Ptychostomum
189,Ptychostomum imbricatulum (Mll.Hal.) Holyoak & N.Pedersen,SPECIES,Plantae,Bryophyta,Bryopsida,Bryales,Bryaceae,Ptychostomum
191,Ptychostomum capillare (Hedw.) Holyoak & N.Pedersen,SPECIES,Plantae,Bryophyta,Bryopsida,Bryales,Bryaceae,Ptychostomum
192,Ptychostomum creberrimum (Taylor) J.R.Spence & H.P.Ramsay,SPECIES,Plantae,Bryophyta,Bryopsida,Bryales,Bryaceae,Ptychostomum
193,Ptychostomum cyclophyllum (Schwägr.) J.R.Spence,SPECIES,Plantae,Bryophyta,Bryopsida,Bryales,Bryaceae,Ptychostomum
194,Bryum demaretianum Arts,SPECIES,Plantae,Bryophyta,Bryopsida,Bryales,Bryaceae,Bryum
195,Bryum dichotomum Hedw.,SPECIES,Plantae,Bryophyta,Bryopsida,Bryales,Bryaceae,Bryum
197,Bryum dyffrynense Holyoak,SPECIES,Plantae,Bryophyta,Bryopsida,Bryales,Bryaceae,Bryum
198,Ptychostomum elegans (Nees.) D.Bell & Holyoak,SPECIES,Plantae,Bryophyta,Bryopsida,Bryales,Bryaceae,Ptychostomum
200,Bryum gemmiferum R.Wilczek & Demaret,SPECIES,Plantae,Bryophyta,Bryopsida,Bryales,Bryaceae,Bryum
201,Bryum gemmilucens R.Wilczek & Demaret,SPECIES,Plantae,Bryophyta,Bryopsida,Bryales,Bryaceae,Bryum
204,Ptychostomum intermedium (Brid.) J.R.Spence,SPECIES,Plantae,Bryophyta,Bryopsida,Bryales,Bryaceae,Ptychostomum
205,Bryum klinggraeffii Schimp.,SPECIES,Plantae,Bryophyta,Bryopsida,Bryales,Bryaceae,Bryum
206,Ptychostomum knowltonii (Barnes) J.R.Spence,SPECIES,Plantae,Bryophyta,Bryopsida,Bryales,Bryaceae,Ptychostomum
208,Ptychostomum moravicum (Podp.) Ros & Mazimpaka,SPECIES,Plantae,Bryophyta,Bryopsida,Bryales,Bryaceae,Ptychostomum
211,Ptychostomum pallens (Sw. ex anon.) J.R.Spence,SPECIES,Plantae,Bryophyta,Bryopsida,Bryales,Bryaceae,Ptychostomum
212,Ptychostomum pallescens (Schleich. ex Schwägr.) J.R.Spence,SPECIES,Plantae,Bryophyta,Bryopsida,Bryales,Bryaceae,Ptychostomum
213,Ptychostomum pseudotriquetrum (Hedw.) J.R.Spence & H.P.Ramsay ex Holyoak & N.Pedersen,SPECIES,Plantae,Bryophyta,Bryopsida,Bryales,Bryaceae,Ptychostomum
214,Bryum radiculosum Brid.,SPECIES,Plantae,Bryophyta,Bryopsida,Bryales,Bryaceae,Bryum
216,Bryum ruderale Crundw. & Nyholm,SPECIES,Plantae,Bryophyta,Bryopsida,Bryales,Bryaceae,Bryum
218,Bryum sauteri Bruch & Schimp.,SPECIES,Plantae,Bryophyta,Bryopsida,Bryales,Bryaceae,Bryum
220,Imbribryum subapiculatum (Hampe) D.Bell & Holyoak,SPECIES,Plantae,Bryophyta,Bryopsida,Bryales,Bryaceae,Imbribryum
222,Imbribryum tenuisetum (Limpr.) D.Bell & Holyoak,SPECIES,Plantae,Bryophyta,Bryopsida,Bryales,Bryaceae,Imbribryum
227,Bryum violaceum Crundw. & Nyholm,SPECIES,Plantae,Bryophyta,Bryopsida,Bryales,Bryaceae,Bryum
228,Ptychostomum warneum (R”hl.) J.R.Spence,SPECIES,Plantae,Bryophyta,Bryopsida,Bryales,Bryaceae,Ptychostomum
229,Ptychostomum weigelii (Biehler) J.R.Spence,SPECIES,Plantae,Bryophyta,Bryopsida,Bryales,Bryaceae,Ptychostomum
231,Buxbaumia aphylla Hedw.,SPECIES,Plantae,Bryophyta,Bryopsida,Buxbaumiales,Buxbaumiaceae,Buxbaumia
233,Calliergon cordifolium (Hedw.) Kindb.,SPECIES,Plantae,Bryophyta,Bryopsida,Hypnales,Calliergonaceae,Calliergon
234,Calliergon giganteum (Schimp.) Kindb.,SPECIES,Plantae,Bryophyta,Bryopsida,Hypnales,Calliergonaceae,Calliergon
237,Calliergonella cuspidata (Hedw.) Loeske,SPECIES,Plantae,Bryophyta,Bryopsida,Hypnales,Pylaisiaceae,Calliergonella
238,Calliergonella lindbergii (Mitt.) Hedenäs,SPECIES,Plantae,Bryophyta,Bryopsida,Hypnales,Pylaisiaceae,Calliergonella
240,Calypogeia arguta Nees & Mont.,SPECIES,Plantae,Marchantiophyta,Jungermanniopsida,Jungermanniales,Calypogeiaceae,Calypogeia
241,Calypogeia azurea Stotler & Crotz,SPECIES,Plantae,Marchantiophyta,Jungermanniopsida,Jungermanniales,Calypogeiaceae,Calypogeia
242,Calypogeia fissa (L.) Raddi,SPECIES,Plantae,Marchantiophyta,Jungermanniopsida,Jungermanniales,Calypogeiaceae,Calypogeia
243,Calypogeia integristipula Steph.,SPECIES,Plantae,Marchantiophyta,Jungermanniopsida,Jungermanniales,Calypogeiaceae,Calypogeia
244,Calypogeia muelleriana (Schiffn.) Mll.Frib.,SPECIES,Plantae,Marchantiophyta,Jungermanniopsida,Jungermanniales,Calypogeiaceae,Calypogeia
245,Calypogeia neesiana (C.Mass. & Carestia.) Mll.Frib.,SPECIES,Plantae,Marchantiophyta,Jungermanniopsida,Jungermanniales,Calypogeiaceae,Calypogeia
246,Calypogeia sphagnicola (Arnell. & J.Perss.) Warnst. & Loeske,SPECIES,Plantae,Marchantiophyta,Jungermanniopsida,Jungermanniales,Calypogeiaceae,Calypogeia
249,Campyliadelphus chrysophyllus (Brid.) R.S.Chopra,SPECIES,Plantae,Bryophyta,Bryopsida,Hypnales,Amblystegiaceae,Campyliadelphus
250,Campyliadelphus elodes (Lindb.) Kanda,SPECIES,Plantae,Bryophyta,Bryopsida,Hypnales,Amblystegiaceae,Campyliadelphus
252,Campylium stellatum (Hedw.) Lange & C.E.O.Jensen,SPECIES,Plantae,Bryophyta,Bryopsida,Hypnales,Amblystegiaceae,Campylium
254,Campylophyllopsis calcarea (Crundw. & Nyholm) Ochyra,SPECIES,Plantae,Bryophyta,Bryopsida,Hypnales,Amblystegiaceae,Campylophyllopsis
257,Campylopus flexuosus (Hedw.) Brid.,SPECIES,Plantae,Bryophyta,Bryopsida,Dicranales,Dicranaceae,Campylopus
259,Campylopus introflexus (Hedw.) Brid,SPECIES,Plantae,Bryophyta,Bryopsida,Dicranales,Dicranaceae,Campylopus
261,Campylopus pyriformis (Schultz) Brid.,SPECIES,Plantae,Bryophyta,Bryopsida,Dicranales,Dicranaceae,Campylopus
268,Cephalozia bicuspidata (L.) Dumort.,SPECIES,Plantae,Marchantiophyta,Jungermanniopsida,Jungermanniales,Cephaloziaceae,Cephalozia
270,Fuscocephaloziopsis connivens (Dicks.) V ?a & L.S”derstr.,SPECIES,Plantae,Marchantiophyta,Jungermanniopsida,Jungermanniales,Cephaloziaceae,Fuscocephaloziopsis
271,Fuscocephaloziopsis lunulifolia (Dumort.) V ?a & L.S”derstr.,SPECIES,Plantae,Marchantiophyta,Jungermanniopsida,Jungermanniales,Cephaloziaceae,Fuscocephaloziopsis
272,Fuscocephaloziopsis macrostachya (Kaal.) V ?a & L.S”derstr.,SPECIES,Plantae,Marchantiophyta,Jungermanniopsida,Jungermanniales,Cephaloziaceae,Fuscocephaloziopsis
273,Fuscocephaloziopsis pleniceps (Austin) V ?a & L.S”derstr.,SPECIES,Plantae,Marchantiophyta,Jungermanniopsida,Jungermanniales,Cephaloziaceae,Fuscocephaloziopsis
276,Cephaloziella divaricata (Sm.) Schiffn.,SPECIES,Plantae,Marchantiophyta,Jungermanniopsida,Jungermanniales,Cephaloziellaceae,Cephaloziella
277,Cephaloziella elachista (J.B.Jack ex Gottsche & Rabenh.) Schiffn.,SPECIES,Plantae,Marchantiophyta,Jungermanniopsida,Jungermanniales,Cephaloziellaceae,Cephaloziella
278,Cephaloziella hampeana (Nees) Schiffn.,SPECIES,Plantae,Marchantiophyta,Jungermanniopsida,Jungermanniales,Cephaloziellaceae,Cephaloziella
279,Cephaloziella rubella (Nees) Warnst.,SPECIES,Plantae,Marchantiophyta,Jungermanniopsida,Jungermanniales,Cephaloziellaceae,Cephaloziella
280,Cephaloziella stellulifera (Taylor ex Carrington & Pearson) Croz.,SPECIES,Plantae,Marchantiophyta,Jungermanniopsida,Jungermanniales,Cephaloziellaceae,Cephaloziella
283,Ceratodon purpureus (Hedw.) Brid.,SPECIES,Plantae,Bryophyta,Bryopsida,Dicranales,Ditrichaceae,Ceratodon
285,Chiloscyphus pallescens (Ehrh. ex Hoffm.) Dumort.,SPECIES,Plantae,Marchantiophyta,Jungermanniopsida,Jungermanniales,Lophocoleaceae,Chiloscyphus
291,Cinclidotus danubicus Schiffn. & Baumgartner,SPECIES,Plantae,Bryophyta,Bryopsida,Dicranales,Pottiaceae,Cinclidotus
292,Cinclidotus fontinaloides (Hedw.) P.Beauv.,SPECIES,Plantae,Bryophyta,Bryopsida,Dicranales,Pottiaceae,Cinclidotus
293,Cinclidotus riparius (Host ex Brid.) Arn.,SPECIES,Plantae,Bryophyta,Bryopsida,Dicranales,Pottiaceae,Cinclidotus
295,Cirriphyllum piliferum (Hedw.) Grout,SPECIES,Plantae,Bryophyta,Bryopsida,Hypnales,Brachytheciaceae,Cirriphyllum
298,Odontoschisma fluitans (Nees) L.S”derstr. & V ?a,SPECIES,Plantae,Marchantiophyta,Jungermanniopsida,Jungermanniales,Cephaloziaceae,Odontoschisma
299,Odontoschisma francisci (Hook.) L.S”derstr. & V ?a,SPECIES,Plantae,Marchantiophyta,Jungermanniopsida,Jungermanniales,Cephaloziaceae,Odontoschisma
301,Climacium dendroides (Hedw.) F.Weber & D.Mohr,SPECIES,Plantae,Bryophyta,Bryopsida,Hypnales,Climaciaceae,Climacium
304,"Myriocoleopsis minutissima (Sm.) R.L.Zhu, Y.Yu & P¢cs",SPECIES,Plantae,Marchantiophyta,Jungermanniopsida,Porellales,Lejeuneaceae,Myriocoleopsis
314,Cratoneuron filicinum (Hedw.) Spruce,SPECIES,Plantae,Bryophyta,Bryopsida,Hypnales,Amblystegiaceae,Cratoneuron
318,Cryphaea heteromalla (Hedw.) D.Mohr,SPECIES,Plantae,Bryophyta,Bryopsida,Hypnales,Cryphaeaceae,Cryphaea
320,Ctenidium molluscum (Hedw.) Mitt.,SPECIES,Plantae,Bryophyta,Bryopsida,Hypnales,Myuriaceae,Ctenidium
327,Dialytrichia mucronata (Brid.) Broth.,SPECIES,Plantae,Bryophyta,Bryopsida,Dicranales,Pottiaceae,Dialytrichia
330,Dichodontium pellucidum (Hedw.) Schimp.,SPECIES,Plantae,Bryophyta,Bryopsida,Dicranales,Dicranaceae,Dichodontium
332,Dicranella cerviculata (Hedw.) Schimp.,SPECIES,Plantae,Bryophyta,Bryopsida,Dicranales,Dicranaceae,Dicranella
333,Dicranella heteromalla (Hedw.) Schimp.,SPECIES,Plantae,Bryophyta,Bryopsida,Dicranales,Dicranaceae,Dicranella
335,Dicranella  rufescens (Dicks.) Schimp,SPECIES,Plantae,Bryophyta,Bryopsida,Dicranales,Dicranaceae,Dicranella
336,Dicranella schreberiana (Hedw.) Dixon,SPECIES,Plantae,Bryophyta,Bryopsida,Dicranales,Dicranaceae,Dicranella
337,Dicranella staphylina H.Whitehouse,SPECIES,Plantae,Bryophyta,Bryopsida,Dicranales,Dicranaceae,Dicranella
339,Dicranella varia (Hedw.) Schimp.,SPECIES,Plantae,Bryophyta,Bryopsida,Dicranales,Dicranaceae,Dicranella
341,Dicranodontium denudatum (Brid.) E.Britton,SPECIES,Plantae,Bryophyta,Bryopsida,Dicranales,Dicranaceae,Dicranodontium
342,Dicranoweisia cirrata (Hedw.) Lindb.,SPECIES,Plantae,Bryophyta,Bryopsida,Dicranales,Dicranaceae,Dicranoweisia
346,Dicranum bonjeanii De Not.,SPECIES,Plantae,Bryophyta,Bryopsida,Dicranales,Dicranaceae,Dicranum
347,Dicranum flagellare Hedw.,SPECIES,Plantae,Bryophyta,Bryopsida,Dicranales,Dicranaceae,Dicranum
350,Dicranum majus Sm.,SPECIES,Plantae,Bryophyta,Bryopsida,Dicranales,Dicranaceae,Dicranum
351,Dicranum montanum Hedw.,SPECIES,Plantae,Bryophyta,Bryopsida,Dicranales,Dicranaceae,Dicranum
352,Dicranum polysetum Sw. ex anon.,SPECIES,Plantae,Bryophyta,Bryopsida,Dicranales,Dicranaceae,Dicranum
353,Dicranum scoparium Hedw.,SPECIES,Plantae,Bryophyta,Bryopsida,Dicranales,Dicranaceae,Dicranum
354,Dicranum spurium Hedw.,SPECIES,Plantae,Bryophyta,Bryopsida,Dicranales,Dicranaceae,Dicranum
355,Dicranum tauricum Sapjegin,SPECIES,Plantae,Bryophyta,Bryopsida,Dicranales,Dicranaceae,Dicranum
358,Didymodon acutus (Brid.) K.Saito,SPECIES,Plantae,Bryophyta,Bryopsida,Dicranales,Pottiaceae,Didymodon
360,Didymodon fallax (Hedw.) R.H.Zander,SPECIES,Plantae,Bryophyta,Bryopsida,Dicranales,Pottiaceae,Didymodon
362,Didymodon luridus Hornsch.,SPECIES,Plantae,Bryophyta,Bryopsida,Dicranales,Pottiaceae,Didymodon
363,Didymodon nicholsonii Culm.,SPECIES,Plantae,Bryophyta,Bryopsida,Dicranales,Pottiaceae,Didymodon
364,Didymodon rigidulus Hedw.,SPECIES,Plantae,Bryophyta,Bryopsida,Dicranales,Pottiaceae,Didymodon
365,Didymodon sinuosus (Mitt.) Delogne,SPECIES,Plantae,Bryophyta,Bryopsida,Dicranales,Pottiaceae,Didymodon
366,Didymodon spadiceus (Mitt.) Limpr.,SPECIES,Plantae,Bryophyta,Bryopsida,Dicranales,Pottiaceae,Didymodon
367,Didymodon tophaceus (Brid.) Lisa,SPECIES,Plantae,Bryophyta,Bryopsida,Dicranales,Pottiaceae,Didymodon
368,Didymodon vinealis (Brid.) R.H.Zander,SPECIES,Plantae,Bryophyta,Bryopsida,Dicranales,Pottiaceae,Didymodon
372,Diplophyllum albicans (L.) Dumort.,SPECIES,Plantae,Marchantiophyta,Jungermanniopsida,Jungermanniales,Scapaniaceae,Diplophyllum
373,Diplophyllum obtusifolium (Hook.) Dumort.,SPECIES,Plantae,Marchantiophyta,Jungermanniopsida,Jungermanniales,Scapaniaceae,Diplophyllum
381,Flexitrichum flexicaule (Schwägr..) Ignatov & Fedosov,SPECIES,Plantae,Bryophyta,Bryopsida,Dicranales,Flexitrichaceae,Flexitrichum
382,Flexitrichum gracile (Mitt.) Ignatov & Fedosov,SPECIES,Plantae,Bryophyta,Bryopsida,Dicranales,Flexitrichaceae,Flexitrichum
383,Ditrichum heteromallum (Hedw.) E.Britton,SPECIES,Plantae,Bryophyta,Bryopsida,Dicranales,Flexitrichaceae,Ditrichum
384,Ditrichum lineare (Sw.) Lindb.,SPECIES,Plantae,Bryophyta,Bryopsida,Dicranales,Ditrichaceae,Ditrichum
385,Ditrichum pallidum (Hedw.) Hampe,SPECIES,Plantae,Bryophyta,Bryopsida,Dicranales,Ditrichaceae,Ditrichum
386,Ditrichum pusillum (Hedw.) Hampe,SPECIES,Plantae,Bryophyta,Bryopsida,Dicranales,Ditrichaceae,Ditrichum
390,Drepanocladus aduncus (Hedw.) Warnst.,SPECIES,Plantae,Bryophyta,Bryopsida,Hypnales,Amblystegiaceae,Drepanocladus
391,Drepanocladus polygamus (Schimp.) Hedenäs,SPECIES,Plantae,Bryophyta,Bryopsida,Hypnales,Amblystegiaceae,Drepanocladus
395,Encalypta streptocarpa Hedw.,SPECIES,Plantae,Bryophyta,Bryopsida,Encalyptales,Encalyptaceae,Encalypta
396,Encalypta vulgaris Hedw.,SPECIES,Plantae,Bryophyta,Bryopsida,Encalyptales,Encalyptaceae,Encalypta
398,Entodon concinnus (De Not.) Paris,SPECIES,Plantae,Bryophyta,Bryopsida,Hypnales,Entodontaceae,Entodon
400,Entosthodon fascicularis (Hedw.) Mll.Hal,SPECIES,Plantae,Bryophyta,Bryopsida,Funariales,Funariaceae,Entosthodon
401,Entosthodon obtusus (Hedw.) Lindb.,SPECIES,Plantae,Bryophyta,Bryopsida,Funariales,Funariaceae,Entosthodon
405,Ephemerum serratum (Hedw.) Hampe,SPECIES,Plantae,Bryophyta,Bryopsida,Dicranales,Pottiaceae,Ephemerum
409,Eucladium verticillatum (With.) Bruch & Schimp.,SPECIES,Plantae,Bryophyta,Bryopsida,Dicranales,Pottiaceae,Eucladium
421,Eurhynchium striatum (Hedw.) Schimp.,SPECIES,Plantae,Bryophyta,Bryopsida,Hypnales,Brachytheciaceae,Eurhynchium
423,Fissidens adianthoides Hedw.,SPECIES,Plantae,Bryophyta,Bryopsida,Dicranales,Fissidentaceae,Fissidens
425,Fissidens bryoides Hedw.,SPECIES,Plantae,Bryophyta,Bryopsida,Dicranales,Fissidentaceae,Fissidens
427,Fissidens crassipes Wilson ex Bruch & Schimp.,SPECIES,Plantae,Bryophyta,Bryopsida,Dicranales,Fissidentaceae,Fissidens
429,Fissidens dubius P.Beauv.,SPECIES,Plantae,Bryophyta,Bryopsida,Dicranales,Fissidentaceae,Fissidens
430,Fissidens exilis Hedw.,SPECIES,Plantae,Bryophyta,Bryopsida,Dicranales,Fissidentaceae,Fissidens
431,Fissidens gracilifolius Brugg.-Nann. & Nyholm,SPECIES,Plantae,Bryophyta,Bryopsida,Dicranales,Fissidentaceae,Fissidens
433,Fissidens crispus Mont.,SPECIES,Plantae,Bryophyta,Bryopsida,Dicranales,Fissidentaceae,Fissidens
434,Fissidens monguillonii Th‚r.,SPECIES,Plantae,Bryophyta,Bryopsida,Dicranales,Fissidentaceae,Fissidens
435,Fissidens osmundoides Hedw.,SPECIES,Plantae,Bryophyta,Bryopsida,Dicranales,Fissidentaceae,Fissidens
436,Fissidens pusillus (Wilson) Milde,SPECIES,Plantae,Bryophyta,Bryopsida,Dicranales,Fissidentaceae,Fissidens
439,Fissidens taxifolius Hedw.,SPECIES,Plantae,Bryophyta,Bryopsida,Dicranales,Fissidentaceae,Fissidens
440,Fissidens viridulus (Sw. ) Wahlenb.,SPECIES,Plantae,Bryophyta,Bryopsida,Dicranales,Fissidentaceae,Fissidens
442,Fontinalis antipyretica Hedw.,SPECIES,Plantae,Bryophyta,Bryopsida,Hypnales,Fontinalaceae,Fontinalis
445,Fossombronia foveolata Lindb.,SPECIES,Plantae,Marchantiophyta,Jungermanniopsida,Fossombroniales,Fossombroniaceae,Fossombronia
446,Fossombronia incurva Lindb.,SPECIES,Plantae,Marchantiophyta,Jungermanniopsida,Fossombroniales,Fossombroniaceae,Fossombronia
447,Fossombronia pusilla (L.) Nees,SPECIES,Plantae,Marchantiophyta,Jungermanniopsida,Fossombroniales,Fossombroniaceae,Fossombronia
448,Fossombronia wondraczekii (Corda) Lindb.,SPECIES,Plantae,Marchantiophyta,Jungermanniopsida,Fossombroniales,Fossombroniaceae,Fossombronia
450,Frullania dilatata (L.) Dumort.,SPECIES,Plantae,Marchantiophyta,Jungermanniopsida,Porellales,Frullaniaceae,Frullania
451,"Frullania fragilifolia (Taylor) Gottsche, Lindenb. & Nees",SPECIES,Plantae,Marchantiophyta,Jungermanniopsida,Porellales,Frullaniaceae,Frullania
452,Frullania tamarisci (L.) Dumort.,SPECIES,Plantae,Marchantiophyta,Jungermanniopsida,Porellales,Frullaniaceae,Frullania
454,Funaria hygrometrica Hedw.,SPECIES,Plantae,Bryophyta,Bryopsida,Funariales,Funariaceae,Funaria
462,Grimmia dissimulata E.Maier,SPECIES,Plantae,Bryophyta,Bryopsida,Grimmiales,Grimmiaceae,Grimmia
465,Grimmia laevigata (Brid.) Brid.,SPECIES,Plantae,Bryophyta,Bryopsida,Grimmiales,Grimmiaceae,Grimmia
470,Grimmia orbicularis Bruch ex Wilson,SPECIES,Plantae,Bryophyta,Bryopsida,Grimmiales,Grimmiaceae,Grimmia
471,Grimmia ovalis (Hedw.) Lindb.,SPECIES,Plantae,Bryophyta,Bryopsida,Grimmiales,Grimmiaceae,Grimmia
472,Grimmia pulvinata (Hedw.) Sm.,SPECIES,Plantae,Bryophyta,Bryopsida,Grimmiales,Grimmiaceae,Grimmia
474,Grimmia tergestina Tomm. ex Bruch & Schimp.,SPECIES,Plantae,Bryophyta,Bryopsida,Grimmiales,Grimmiaceae,Grimmia
476,Grimmia trichophylla Grev.,SPECIES,Plantae,Bryophyta,Bryopsida,Grimmiales,Grimmiaceae,Grimmia
478,Gymnocolea inflata (Huds.) Dumort.,SPECIES,Plantae,Marchantiophyta,Jungermanniopsida,Jungermanniales,Anastrophyllaceae,Gymnocolea
480,Homalothecium lutescens (Hedw.) H.Rob.,SPECIES,Plantae,Bryophyta,Bryopsida,Hypnales,Brachytheciaceae,Homalothecium
481,Homalothecium sericeum (Hedw.) Schimp.,SPECIES,Plantae,Bryophyta,Bryopsida,Hypnales,Brachytheciaceae,Homalothecium
485,Hookeria lucens (Hedw.) Sm.,SPECIES,Plantae,Bryophyta,Bryopsida,Hookeriales,Hookeriaceae,Hookeria
488,Hygrohypnum luridum (Hedw.) Jenn.,SPECIES,Plantae,Bryophyta,Bryopsida,Hypnales,Amblystegiaceae,Hygrohypnum
493,Hylocomium splendens (Hedw.) Schimp.,SPECIES,Plantae,Bryophyta,Bryopsida,Hypnales,Hylocomiaceae,Hylocomium
500,Hypnum andoi A.J.E.Smith,SPECIES,Plantae,Bryophyta,Bryopsida,Hypnales,Hypnaceae,Hypnum
501,Hypnum cupressiforme Hedw.,SPECIES,Plantae,Bryophyta,Bryopsida,Hypnales,Hypnaceae,Hypnum
502,"Callicladium imponens (Hedw.) Hedenas, Schlesak &",SPECIES,Plantae,Bryophyta,Bryopsida,Hypnales,Callicladiaceae,Callicladium
503,Hypnum jutlandicum Holmen & E.Warncke,SPECIES,Plantae,Bryophyta,Bryopsida,Hypnales,Jocheniaceae,Hypnum
504,Hypnum lacunosum (Brid.) Hoffm. ex Brid.,SPECIES,Plantae,Bryophyta,Bryopsida,Hypnales,Hypnaceae,Hypnum
505,"Jochenia pallescens (Hedw.) Hedenäs, Schlesak & D.Quandt",SPECIES,Plantae,Bryophyta,Bryopsida,Hypnales,Hypnaceae,Jochenia
509,Isothecium alopecuroides (Lam. ex Dubois) Isov.,SPECIES,Plantae,Bryophyta,Bryopsida,Hypnales,Brachytheciaceae,Isothecium
511,Isothecium myosuroides Brid.,SPECIES,Plantae,Bryophyta,Bryopsida,Hypnales,Brachytheciaceae,Isothecium
516,"Endogemma caespiticia (Lindenb.) Konstant., Vilnet & A.V.Troitsky",SPECIES,Plantae,Marchantiophyta,Jungermanniopsida,Jungermanniales,Endogemmaceae,Endogemma
518,Solenostoma gracillimum (Sm.) R.M.Schust.,SPECIES,Plantae,Marchantiophyta,Jungermanniopsida,Jungermanniales,Jungermanniaceae,Solenostoma
519,Solenostoma hyalinum (Lyell) Mitt.,SPECIES,Plantae,Marchantiophyta,Jungermanniopsida,Jungermanniales,Jungermanniaceae,Solenostoma
527,Kurzia pauciflora (Dicks.) Grolle,SPECIES,Plantae,Marchantiophyta,Jungermanniopsida,Jungermanniales,Lepidoziaceae,Kurzia
528,Kurzia sylvatica (A.Evans) Grolle,SPECIES,Plantae,Marchantiophyta,Jungermanniopsida,Jungermanniales,Lepidoziaceae,Kurzia
531,Mesoptychia badensis (Gottsche ex Rabenh.) L.S”derstr. & V ?a,SPECIES,Plantae,Marchantiophyta,Jungermanniopsida,Jungermanniales,Jungermanniaceae,Leiocolea
536,Lejeunea cavifolia (Ehrh.) Lindb.,SPECIES,Plantae,Marchantiophyta,Jungermanniopsida,Porellales,Lejeuneaceae,Lejeunea
539,Lepidozia reptans (L.) Dumort.,SPECIES,Plantae,Marchantiophyta,Jungermanniopsida,Jungermanniales,Lepidoziaceae,Lepidozia
541,Leptobarbula berica (De Not.) Schimp.,SPECIES,Plantae,Bryophyta,Bryopsida,Dicranales,Pottiaceae,Leptobarbula
543,Leptobryum pyriforme (Hedw.) Wilson,SPECIES,Plantae,Bryophyta,Bryopsida,Splachnales,Meesiaceae,Leptobryum
545,Leptodictyum riparium (Hedw.) Warnst.,SPECIES,Plantae,Bryophyta,Bryopsida,Hypnales,Amblystegiaceae,Leptodictyum
547,Leptodontium flexifolium (Dicks.) Hampe,SPECIES,Plantae,Bryophyta,Bryopsida,Dicranales,Pottiaceae,Leptodontium
548,Leptodontium gemmascens (Mitt.) Braithw.,SPECIES,Plantae,Bryophyta,Bryopsida,Dicranales,Pottiaceae,Leptodontium
550,Leskea polycarpa Hedw.,SPECIES,Plantae,Bryophyta,Bryopsida,Hypnales,Leskeaceae,Leskea
552,Leucobryum glaucum (Hedw.) ngstr.,SPECIES,Plantae,Bryophyta,Bryopsida,Dicranales,Dicranaceae,Leucobryum
555,Leucodon sciuroides (Hedw.) Schwägr..,SPECIES,Plantae,Bryophyta,Bryopsida,Hypnales,Leucodontaceae,Leucodon
558,Lophocolea bidentata (L.) Dumort.,SPECIES,Plantae,Marchantiophyta,Jungermanniopsida,Jungermanniales,Lophocoleaceae,Lophocolea
559,Lophocolea heterophylla (Schrad.) Dumort.,SPECIES,Plantae,Marchantiophyta,Jungermanniopsida,Jungermanniales,Lophocoleaceae,Lophocolea
561,Lophocolea semiteres (Lehm.) Mitt.,SPECIES,Plantae,Marchantiophyta,Jungermanniopsida,Jungermanniales,Lophocoleaceae,Lophocolea
563,Isopaches bicrenatus (Schmidel ex Hoffm.) H.Buch,SPECIES,Plantae,Marchantiophyta,Jungermanniopsida,Jungermanniales,Lophoziaceae,Isopaches
564,Heterogemma capitata (Hook.) Konstant. & Vilnet,SPECIES,Plantae,Marchantiophyta,Jungermanniopsida,Jungermanniales,Lophoziaceae,Heterogemma
565,Lophoziopsis excisa (Dicks.) Konstant. & Vilnet,SPECIES,Plantae,Marchantiophyta,Jungermanniopsida,Jungermanniales,Lophoziaceae,Lophoziopsis
571,"Oleolophozia perssonii (H.Buch & S.W.Arnell) L.S”derstr., De Roo & Hedd.",SPECIES,Plantae,Marchantiophyta,Jungermanniopsida,Jungermanniales,Lophoziaceae,Oleolophozia
573,Lophozia ventricosa (Dicks.) Dumort.,SPECIES,Plantae,Marchantiophyta,Jungermanniopsida,Jungermanniales,Lophoziaceae,Lophozia
576,Lunularia cruciata cruciata (L.) Dumort. ex Lindb.,SPECIES,Plantae,Marchantiophyta,Marchantiopsida,Lunulariales,Lunulariaceae,Lunularia
578,Marchantia polymorpha L.,SPECIES,Plantae,Marchantiophyta,Marchantiopsida,Marchantiales,Marchantiaceae,Marchantia
589,Metzgeria conjugata Lindb.,SPECIES,Plantae,Marchantiophyta,Jungermanniopsida,Metzgeriales,Metzgeriaceae,Metzgeria
591,Metzgeria furcata (L.) Corda,SPECIES,Plantae,Marchantiophyta,Jungermanniopsida,Metzgeriales,Metzgeriaceae,Metzgeria
592,Metzgeria consanguinea Schiffn.,SPECIES,Plantae,Marchantiophyta,Jungermanniopsida,Metzgeriales,Metzgeriaceae,Metzgeria
594,Microbryum curvicollum (Hedw.) R.H.Zander,SPECIES,Plantae,Bryophyta,Bryopsida,Dicranales,Pottiaceae,Microbryum
595,Microbryum davallianum (Sm.) R.H.Zander,SPECIES,Plantae,Bryophyta,Bryopsida,Dicranales,Pottiaceae,Microbryum
596,Microbryum floerkeanum (F.Weber & D.Mohr) Schimp.,SPECIES,Plantae,Bryophyta,Bryopsida,Dicranales,Pottiaceae,Microbryum
600,Microlejeunea ulicina (Taylor) Steph.,SPECIES,Plantae,Marchantiophyta,Jungermanniopsida,Porellales,Lejeuneaceae,Microlejeunea
602,Micromitrium tenerum (Bruch & Schimp.) Crosby,SPECIES,Plantae,Bryophyta,Bryopsida,Dicranales,Micromitriaceae,Micromitrium
606,Mnium hornum Hedw.,SPECIES,Plantae,Bryophyta,Bryopsida,Bryales,Mniaceae,Mnium
607,Mnium marginatum (Dicks.) P.Beauv.,SPECIES,Plantae,Bryophyta,Bryopsida,Bryales,Mniaceae,Mnium
608,Mnium stellare Hedw.,SPECIES,Plantae,Bryophyta,Bryopsida,Bryales,Mniaceae,Mnium
612,Mylia anomala (Hook.) Gray,SPECIES,Plantae,Marchantiophyta,Jungermanniopsida,Jungermanniales,Myliaceae,Mylia
616,Nardia geoscyphus (De Not.) Lindb.,SPECIES,Plantae,Marchantiophyta,Jungermanniopsida,Jungermanniales,Gymnomitriaceae,Nardia
618,Nardia scalaris Gray,SPECIES,Plantae,Marchantiophyta,Jungermanniopsida,Jungermanniales,Gymnomitriaceae,Nardia
620,"Alleniella complanata (Hedw.) S.Olsson, Enroth & D.Quandt",SPECIES,Plantae,Bryophyta,Bryopsida,Hypnales,Neckeraceae,Alleniella
621,"Exsertotheca crispa (Hedw.) S.Olsson, Enroth & D.Quandt",SPECIES,Plantae,Bryophyta,Bryopsida,Hypnales,Neckeraceae,Exsertotheca
622,Neckera pumila Hedw.,SPECIES,Plantae,Bryophyta,Bryopsida,Hypnales,Neckeraceae,Neckera
624,Nowellia curvifolia (Dicks.) Mitt.,SPECIES,Plantae,Marchantiophyta,Jungermanniopsida,Jungermanniales,Cephaloziaceae,Nowellia
628,Odontoschisma denudatum (Mart.) Dumort.,SPECIES,Plantae,Marchantiophyta,Jungermanniopsida,Jungermanniales,Cephaloziaceae,Odontoschisma
629,Odontoschisma sphagni (Dicks.) Dumort.,SPECIES,Plantae,Marchantiophyta,Jungermanniopsida,Jungermanniales,Cephaloziaceae,Odontoschisma
631,Oligotrichum hercynicum (Hedw.) Lam. & DC.,SPECIES,Plantae,Bryophyta,Polytrichopsida,Polytrichales,Polytrichaceae,Oligotrichum
633,Orthodontium lineare Schwägr..,SPECIES,Plantae,Bryophyta,Bryopsida,Orthodontiales,Orthodontiaceae,Orthodontium
638,"Lewinskya affinis (Schrad. ex Brid.) F.Lara, Garilleti & Goffinet",SPECIES,Plantae,Bryophyta,Bryopsida,Orthotrichales,Orthotrichaceae,Lewinskya
639,Orthotrichum anomalum Hedw.,SPECIES,Plantae,Bryophyta,Bryopsida,Orthotrichales,Orthotrichaceae,Orthotrichum
640,Orthotrichum columbicum Mitt.,SPECIES,Plantae,Bryophyta,Bryopsida,Orthotrichales,Orthotrichaceae,Orthotrichum
641,Orthotrichum cupulatum Brid.,SPECIES,Plantae,Bryophyta,Bryopsida,Orthotrichales,Orthotrichaceae,Orthotrichum
642,Orthotrichum diaphanum Brid.,SPECIES,Plantae,Bryophyta,Bryopsida,Orthotrichales,Orthotrichaceae,Orthotrichum
643,"Lewinskya iberica (F.Lara & Mazimpaka) F.Lara, Garilleti & Goffinet",SPECIES,Plantae,Bryophyta,Bryopsida,Orthotrichales,Orthotrichaceae,Lewinskya
644,"Pulvigera lyellii (Hook. & Taylor) Plášek, Sawicki & Ochyra",SPECIES,Plantae,Bryophyta,Bryopsida,Orthotrichales,Orthotrichaceae,Pulvigera
645,Nyholmiella obtusifolia (Brid.) Holmen & E.Warncke,SPECIES,Plantae,Bryophyta,Bryopsida,Orthotrichales,Orthotrichaceae,Nyholmiella
646,Orthotrichum pallens Bruch ex Brid.,SPECIES,Plantae,Bryophyta,Bryopsida,Orthotrichales,Orthotrichaceae,Orthotrichum
647,Orthotrichum patens Bruch ex Brid.,SPECIES,Plantae,Bryophyta,Bryopsida,Orthotrichales,Orthotrichaceae,Orthotrichum
648,Orthotrichum pulchellum Brunt.,SPECIES,Plantae,Bryophyta,Bryopsida,Orthotrichales,Orthotrichaceae,Orthotrichum
649,Orthotrichum pumilum Sw. ex anon.,SPECIES,Plantae,Bryophyta,Bryopsida,Orthotrichales,Orthotrichaceae,Orthotrichum
651,Orthotrichum rogeri Brid.,SPECIES,Plantae,Bryophyta,Bryopsida,Orthotrichales,Orthotrichaceae,Orthotrichum
652,"Lewinskya rupestris (Schleich. ex Schwägr..) F.Lara, Garilleti & Goffinet",SPECIES,Plantae,Bryophyta,Bryopsida,Orthotrichales,Orthotrichaceae,Lewinskya
653,Orthotrichum scanicum Gr”nvall,SPECIES,Plantae,Bryophyta,Bryopsida,Orthotrichales,Orthotrichaceae,Orthotrichum
654,Orthotrichum schimperi Hammar,SPECIES,Plantae,Bryophyta,Bryopsida,Orthotrichales,Orthotrichaceae,Orthotrichum
656,"Lewinskya speciosa (Nees) F.Lara, Garilleti & Goffinet",SPECIES,Plantae,Bryophyta,Bryopsida,Orthotrichales,Orthotrichaceae,Lewinskya
657,Orthotrichum sprucei Mont.,SPECIES,Plantae,Bryophyta,Bryopsida,Orthotrichales,Orthotrichaceae,Orthotrichum
658,Orthotrichum stramineum Hornsch. Ex Brid.,SPECIES,Plantae,Bryophyta,Bryopsida,Orthotrichales,Orthotrichaceae,Orthotrichum
659,"Lewinskya striata (Hedw.) F.Lara, Garilleti & Goffinet",SPECIES,Plantae,Bryophyta,Bryopsida,Orthotrichales,Orthotrichaceae,Lewinskya
660,Orthotrichum tenellum Bruch ex Brid.,SPECIES,Plantae,Bryophyta,Bryopsida,Orthotrichales,Orthotrichaceae,Orthotrichum
662,Physcomitrium pyriforme (Hedw.) Bruch & Schimp.,SPECIES,Plantae,Bryophyta,Bryopsida,Funariales,Funariaceae,Physcomitrium
663,Physcomitrium sphaericum (C.F.Ludw. ex Schkuhr) Brid.,SPECIES,Plantae,Bryophyta,Bryopsida,Funariales,Funariaceae,Physcomitrium
667,Plagiochila asplenioides (L.) Dumort.,SPECIES,Plantae,Marchantiophyta,Jungermanniopsida,Jungermanniales,Plagiochilaceae,Plagiochila
669,Plagiochila porelloides (Torrey ex Nees) Lindenb.,SPECIES,Plantae,Marchantiophyta,Jungermanniopsida,Jungermanniales,Plagiochilaceae,Plagiochila
672,Plagiomnium affine (Blandow ex Funck) T.J.Kop.,SPECIES,Plantae,Bryophyta,Bryopsida,Bryales,Mniaceae,Plagiomnium
673,Plagiomnium cuspidatum (Hedw.) T.J.Kop,SPECIES,Plantae,Bryophyta,Bryopsida,Bryales,Mniaceae,Plagiomnium
674,Plagiomnium elatum (Bruch & Schimp.) T.J.Kop.,SPECIES,Plantae,Bryophyta,Bryopsida,Bryales,Mniaceae,Plagiomnium
675,Plagiomnium  ellipticum (Brid.) T.J.Kop.,SPECIES,Plantae,Bryophyta,Bryopsida,Bryales,Mniaceae,Plagiomnium
677,Plagiomnium rostratum (Schrad.) T.J.Kop.,SPECIES,Plantae,Bryophyta,Bryopsida,Bryales,Mniaceae,Plagiomnium
678,Plagiomnium undulatum (Hedw.) T.J.Kop.,SPECIES,Plantae,Bryophyta,Bryopsida,Bryales,Mniaceae,Plagiomnium
682,Plagiothecium cavifolium (Brid.) Z.Iwats.,SPECIES,Plantae,Bryophyta,Bryopsida,Hypnales,Plagiotheciaceae,Plagiothecium
683,Plagiothecium curvifolium Schlieph. ex Limpr.,SPECIES,Plantae,Bryophyta,Bryopsida,Hypnales,Plagiotheciaceae,Plagiothecium
684,"Plagiothecium denticulatum W.P.Schimper, 1851",SPECIES,Plantae,Bryophyta,Bryopsida,Hypnales,Plagiotheciaceae,Plagiothecium
685,Plagiothecium laetum Schimp.,SPECIES,Plantae,Bryophyta,Bryopsida,Hypnales,Plagiotheciaceae,Plagiothecium
686,Plagiothecium latebricola Schimp.,SPECIES,Plantae,Bryophyta,Bryopsida,Hypnales,Plagiotheciaceae,Plagiothecium
687,Plagiothecium nemorale (Mitt.) A.Jaeger,SPECIES,Plantae,Bryophyta,Bryopsida,Hypnales,Plagiotheciaceae,Plagiothecium
688,Plagiothecium undulatum (Hedw.) Schimp.,SPECIES,Plantae,Bryophyta,Bryopsida,Hypnales,Plagiotheciaceae,Plagiothecium
692,Platygyrium repens (Brid.) Schimp.,SPECIES,Plantae,Bryophyta,Bryopsida,Hypnales,Pylaisiadelphaceae,Platygyrium
694,Rhynchostegium riparioides (Hedw.) Cardot,SPECIES,Plantae,Bryophyta,Bryopsida,Hypnales,Brachytheciaceae,Platyhypnidium
696,Pleuridium acuminatum Lindb.,SPECIES,Plantae,Bryophyta,Bryopsida,Dicranales,Ditrichaceae,Pleuridium
698,Pleuridium subulatum (Hedw.) Rabenh.,SPECIES,Plantae,Bryophyta,Bryopsida,Dicranales,Ditrichaceae,Pleuridium
700,Tortella squarrosa (Brid.) Limpr.,SPECIES,Plantae,Bryophyta,Bryopsida,Dicranales,Pottiaceae,Tortella
702,Pleurozium schreberi (Willd. ex Brid.) Mitt.,SPECIES,Plantae,Bryophyta,Bryopsida,Hypnales,Hylocomiaceae,Pleurozium
704,Pogonatum aloides (Hedw.) P.Beauv.,SPECIES,Plantae,Bryophyta,Polytrichopsida,Polytrichales,Polytrichaceae,Pogonatum
705,Pogonatum nanum (Hedw.) P.Beauv.,SPECIES,Plantae,Bryophyta,Polytrichopsida,Polytrichales,Polytrichaceae,Pogonatum
706,Pogonatum urnigerum (Hedw.) P.Beauv.,SPECIES,Plantae,Bryophyta,Polytrichopsida,Polytrichales,Polytrichaceae,Pogonatum
709,Pohlia annotina (Hedw.) Lindb.,SPECIES,Plantae,Bryophyta,Bryopsida,Bryales,Mniaceae,Pohlia
710,Pohlia bulbifera (Warnst.) Warnst.,SPECIES,Plantae,Bryophyta,Bryopsida,Bryales,Mniaceae,Pohlia
711,Pohlia camptotrachela (Renauld & Cardot) Broth.,SPECIES,Plantae,Bryophyta,Bryopsida,Bryales,Mniaceae,Pohlia
715,Pohlia flexuosa Harv.,SPECIES,Plantae,Bryophyta,Bryopsida,Bryales,Mniaceae,Pohlia
716,Pohlia lescuriana (Sull.) Ochi,SPECIES,Plantae,Bryophyta,Bryopsida,Bryales,Mniaceae,Pohlia
717,Pohlia lutescens (Limpr.) H.Lindb.,SPECIES,Plantae,Bryophyta,Bryopsida,Bryales,Mniaceae,Pohlia
718,Pohlia melanodon (Brid.) A.J.Shaw,SPECIES,Plantae,Bryophyta,Bryopsida,Bryales,Mniaceae,Pohlia
719,Pohlia nutans (Hedw.) Lindb.,SPECIES,Plantae,Bryophyta,Bryopsida,Bryales,Mniaceae,Pohlia
720,Pohlia wahlenbergii (F.Weber & D.Mohr) A.L.Andrews,SPECIES,Plantae,Bryophyta,Bryopsida,Bryales,Mniaceae,Pohlia
721,Polytrichastrum alpinum (Hedw.) G.L.Sm.,SPECIES,Plantae,Bryophyta,Polytrichopsida,Polytrichales,Polytrichaceae,Polytrichastrum
723,Polytrichum commune Hedw.,SPECIES,Plantae,Bryophyta,Polytrichopsida,Polytrichales,Polytrichaceae,Polytrichum
725,Polytrichum juniperinum Hedw.,SPECIES,Plantae,Bryophyta,Polytrichopsida,Polytrichales,Polytrichaceae,Polytrichum
727,Polytrichum piliferum Hedw.,SPECIES,Plantae,Bryophyta,Polytrichopsida,Polytrichales,Polytrichaceae,Polytrichum
728,Polytrichum strictum Menzies ex Brid.,SPECIES,Plantae,Bryophyta,Polytrichopsida,Polytrichales,Polytrichaceae,Polytrichum
734,Porella platyphylla (L.) Pfeiff.,SPECIES,Plantae,Marchantiophyta,Jungermanniopsida,Porellales,Porellaceae,Porella
736,Marchantia quadrata Scop.,SPECIES,Plantae,Marchantiophyta,Marchantiopsida,Marchantiales,Marchantiaceae,Marchantia
738,Pseudephemerum nitidum (Hedw.) Loeske,SPECIES,Plantae,Bryophyta,Bryopsida,Dicranales,Dicranaceae,Pseudephemerum
740,Pseudobryum cinclidioides (Huebener) T.J.Kop.,SPECIES,Plantae,Bryophyta,Bryopsida,Bryales,Mniaceae,Pseudobryum
742,Drepanocladus lycopodioides (Brid.) Warnst.,SPECIES,Plantae,Bryophyta,Bryopsida,Hypnales,Amblystegiaceae,Drepanocladus
744,Pseudocrossidium hornschuchianum (Schultz) R.H.Zander,SPECIES,Plantae,Bryophyta,Bryopsida,Dicranales,Pottiaceae,Pseudocrossidium
745,Pseudocrossidium revolutum (Brid.) R.H.Zander,SPECIES,Plantae,Bryophyta,Bryopsida,Dicranales,Pottiaceae,Pseudocrossidium
750,Pseudotaxiphyllum elegans (Brid.) Z.Iwats.,SPECIES,Plantae,Bryophyta,Bryopsida,Hypnales,Plagiotheciaceae,Pseudotaxiphyllum
753,Pterigynandrum filiforme Hedw.,SPECIES,Plantae,Bryophyta,Bryopsida,Hypnales,Pterigynandraceae,Pterigynandrum
757,Pterygoneurum ovatum (Hedw.) Dixon,SPECIES,Plantae,Bryophyta,Bryopsida,Dicranales,Pottiaceae,Pterygoneurum
759,Ptilidium ciliare (L.) Hampe,SPECIES,Plantae,Marchantiophyta,Jungermanniopsida,Ptilidiales,Ptilidiaceae,Ptilidium
760,Ptilidium pulcherrimum (Weber) Vainio,SPECIES,Plantae,Marchantiophyta,Jungermanniopsida,Ptilidiales,Ptilidiaceae,Ptilidium
762,Ptilium crista-castrensis (Hedw.) De Not.,SPECIES,Plantae,Bryophyta,Bryopsida,Hypnales,Pylaisiaceae,Ptilium
766,Pylaisia polyantha (Hedw.) Schimp.,SPECIES,Plantae,Bryophyta,Bryopsida,Hypnales,Pylaisiaceae,Pylaisia
768,Racomitrium aciculare (Hedw.) Brid.,SPECIES,Plantae,Bryophyta,Bryopsida,Grimmiales,Grimmiaceae,Racomitrium
772,Racomitrium ericoides (Brid.) Brid.,SPECIES,Plantae,Bryophyta,Bryopsida,Grimmiales,Grimmiaceae,Racomitrium
774,Racomitrium heterostichum (Hedw.) Brid.,SPECIES,Plantae,Bryophyta,Bryopsida,Grimmiales,Grimmiaceae,Racomitrium
775,Racomitrium lanuginosum (Hedw.) Brid.,SPECIES,Plantae,Bryophyta,Bryopsida,Grimmiales,Grimmiaceae,Racomitrium
778,Radula complanata (L.) Dumort.,SPECIES,Plantae,Marchantiophyta,Jungermanniopsida,Porellales,Radulaceae,Radula
781,Reboulia hemisphaerica (L.) Raddi,SPECIES,Plantae,Marchantiophyta,Marchantiopsida,Marchantiales,Aytoniaceae,Reboulia
788,Rhizomnium punctatum (Hedw.) T.J.Kop.,SPECIES,Plantae,Bryophyta,Bryopsida,Bryales,Mniaceae,Rhizomnium
791,Rhodobryum roseum (Hedw.) Limpr.,SPECIES,Plantae,Bryophyta,Bryopsida,Bryales,Bryaceae,Rhodobryum
793,Rhynchostegiella curviseta (Brid.) Limpr.,SPECIES,Plantae,Bryophyta,Bryopsida,Hypnales,Brachytheciaceae,Rhynchostegiella
794,Rhynchostegiella tenella (Dicks.) Limpr.,SPECIES,Plantae,Bryophyta,Bryopsida,Hypnales,Brachytheciaceae,Rhynchostegiella
795,Rhynchostegiella teneriffae (Mont.) Dirkse & Bouman,SPECIES,Plantae,Bryophyta,Bryopsida,Hypnales,Brachytheciaceae,Rhynchostegiella
798,Rhynchostegium confertum (Dicks.) Schimp.,SPECIES,Plantae,Bryophyta,Bryopsida,Hypnales,Brachytheciaceae,Rhynchostegium
799,Rhynchostegium megapolitanum (Blandow ex F.Weber & D.Mohr) Schimp.,SPECIES,Plantae,Bryophyta,Bryopsida,Hypnales,Brachytheciaceae,Rhynchostegium
800,Rhynchostegium murale (Hedw.) Schimp.,SPECIES,Plantae,Bryophyta,Bryopsida,Hypnales,Brachytheciaceae,Rhynchostegium
803,Rhytidiadelphus loreus (Hedw.) Warnst.,SPECIES,Plantae,Bryophyta,Bryopsida,Hypnales,Hylocomiaceae,Rhytidiadelphus
804,Rhytidiadelphus squarrosus (Hedw.) Warnst.,SPECIES,Plantae,Bryophyta,Bryopsida,Hypnales,Hylocomiaceae,Rhytidiadelphus
806,Hylocomiadelphus triquetrus (Hedw.) Ochyra & Stebel,SPECIES,Plantae,Bryophyta,Bryopsida,Hypnales,Hylocomiaceae,Hylocomiadelphus
808,Rhytidium rugosum (Hedw.) Kindb.,SPECIES,Plantae,Bryophyta,Bryopsida,Hypnales,Hylocomiaceae,Rhytidium
810,Riccardia chamedryfolia (With.) Grolle,SPECIES,Plantae,Marchantiophyta,Jungermanniopsida,Metzgeriales,Aneuraceae,Riccardia
811,Riccardia incurvata Lindb.,SPECIES,Plantae,Marchantiophyta,Jungermanniopsida,Metzgeriales,Aneuraceae,Riccardia
812,Riccardia latifrons (Lindb.) Lindb.,SPECIES,Plantae,Marchantiophyta,Jungermanniopsida,Metzgeriales,Aneuraceae,Riccardia
813,Riccardia multifida (L.) Gray,SPECIES,Plantae,Marchantiophyta,Jungermanniopsida,Metzgeriales,Aneuraceae,Riccardia
815,Riccia beyrichiana Hampe,SPECIES,Plantae,Marchantiophyta,Marchantiopsida,Marchantiales,Ricciaceae,Riccia
816,Riccia bifurca Hoffm.,SPECIES,Plantae,Marchantiophyta,Marchantiopsida,Marchantiales,Ricciaceae,Riccia
817,Riccia canaliculata Hoffm.,SPECIES,Plantae,Marchantiophyta,Marchantiopsida,Marchantiales,Ricciaceae,Riccia
818,Riccia cavernosa Hoffm.,SPECIES,Plantae,Marchantiophyta,Marchantiopsida,Marchantiales,Ricciaceae,Riccia
821,Riccia fluitans L.,SPECIES,Plantae,Marchantiophyta,Marchantiopsida,Marchantiales,Ricciaceae,Riccia
822,Riccia glauca L.,SPECIES,Plantae,Marchantiophyta,Marchantiopsida,Marchantiales,Ricciaceae,Riccia
823,Riccia huebeneriana Lindenb.,SPECIES,Plantae,Marchantiophyta,Marchantiopsida,Marchantiales,Ricciaceae,Riccia
825,Riccia sorocarpa Bisch.,SPECIES,Plantae,Marchantiophyta,Marchantiopsida,Marchantiales,Ricciaceae,Riccia
826,Riccia subbifurca Warnst. ex Croz.,SPECIES,Plantae,Marchantiophyta,Marchantiopsida,Marchantiales,Ricciaceae,Riccia
827,Riccia warnstorfii Limpr. ex Warnst.,SPECIES,Plantae,Marchantiophyta,Marchantiopsida,Marchantiales,Ricciaceae,Riccia
829,Ricciocarpos natans (L.) Corda,SPECIES,Plantae,Marchantiophyta,Marchantiopsida,Marchantiales,Ricciaceae,Ricciocarpos
831,Sanionia uncinata (Hedw.) Loeske,SPECIES,Plantae,Bryophyta,Bryopsida,Hypnales,Amblystegiaceae,Sanionia
837,Scapania curta (Mart.) Dumort.,SPECIES,Plantae,Marchantiophyta,Jungermanniopsida,Jungermanniales,Scapaniaceae,Scapania
839,Scapania irrigua (Nees) Nees,SPECIES,Plantae,Marchantiophyta,Jungermanniopsida,Jungermanniales,Scapaniaceae,Scapania
842,Scapania nemorea (L.) Grolle,SPECIES,Plantae,Marchantiophyta,Jungermanniopsida,Jungermanniales,Scapaniaceae,Scapania
845,Scapania undulata (L.) Dumort.,SPECIES,Plantae,Marchantiophyta,Jungermanniopsida,Jungermanniales,Scapaniaceae,Scapania
854,Schistidium rivulare (Brid.) Podp.,SPECIES,Plantae,Bryophyta,Bryopsida,Grimmiales,Grimmiaceae,Schistidium
860,Scleropodium cespitans (Wilson ex Mll.Hal.) L.F.Koch.,SPECIES,Plantae,Bryophyta,Bryopsida,Hypnales,Brachytheciaceae,Scleropodium
864,Scopelophila cataractae (Mitt.) Broth.,SPECIES,Plantae,Bryophyta,Bryopsida,Dicranales,Pottiaceae,Scopelophila
867,Scorpidium cossonii (Schimp.) Hedenäs,SPECIES,Plantae,Bryophyta,Bryopsida,Hypnales,Scorpidiaceae,Scorpidium
868,Scorpidium revolvens (Sw. ex anon.) Rubers,SPECIES,Plantae,Bryophyta,Bryopsida,Hypnales,Scorpidiaceae,Scorpidium
869,Scorpidium scorpioides (Hedw.) Limpr.,SPECIES,Plantae,Bryophyta,Bryopsida,Hypnales,Scorpidiaceae,Scorpidium
872,Seligeria calcarea (Hedw.) Bruch & Schimp.,SPECIES,Plantae,Bryophyta,Bryopsida,Grimmiales,Seligeriaceae,Seligeria
881,Sematophyllum substrumulosum (Hampe) E.Britton,SPECIES,Plantae,Bryophyta,Bryopsida,Hypnales,Sematophyllaceae,Sematophyllum
887,Sphaerocarpos michelii Bellardi,SPECIES,Plantae,Marchantiophyta,Marchantiopsida,Sphaerocarpales,Sphaerocarpaceae,Sphaerocarpos
888,Sphaerocarpos europaeus Lorb.,SPECIES,Plantae,Marchantiophyta,Marchantiopsida,Sphaerocarpales,Sphaerocarpaceae,Sphaerocarpos
891,Sphagnum angustifolium (C.E.O.Jensen ex Russow) C.E.O.Jensen,SPECIES,Plantae,Bryophyta,Sphagnopsida,Sphagnales,Sphagnaceae,Sphagnum
892,Sphagnum capillifolium (Ehrh.) Hedw.,SPECIES,Plantae,Bryophyta,Sphagnopsida,Sphagnales,Sphagnaceae,Sphagnum
894,Sphagnum compactum Lam. & DC.,SPECIES,Plantae,Bryophyta,Sphagnopsida,Sphagnales,Sphagnaceae,Sphagnum
895,Sphagnum contortum Schultz,SPECIES,Plantae,Bryophyta,Sphagnopsida,Sphagnales,Sphagnaceae,Sphagnum
896,Sphagnum cuspidatum Ehrh. ex Hoffm.,SPECIES,Plantae,Bryophyta,Sphagnopsida,Sphagnales,Sphagnaceae,Sphagnum
898,Sphagnum fallax (H.Klinggr.) H.Klinggr.,SPECIES,Plantae,Bryophyta,Sphagnopsida,Sphagnales,Sphagnaceae,Sphagnum
899,Sphagnum fimbriatum Wilson,SPECIES,Plantae,Bryophyta,Sphagnopsida,Sphagnales,Sphagnaceae,Sphagnum
900,Sphagnum flexuosum Dozy & Molk.,SPECIES,Plantae,Bryophyta,Sphagnopsida,Sphagnales,Sphagnaceae,Sphagnum
902,Sphagnum girgensohnii Russow,SPECIES,Plantae,Bryophyta,Sphagnopsida,Sphagnales,Sphagnaceae,Sphagnum
903,Sphagnum inundatum Russow,SPECIES,Plantae,Bryophyta,Sphagnopsida,Sphagnales,Sphagnaceae,Sphagnum
904,Sphagnum divinum Flatberg & Hassel,SPECIES,Plantae,Bryophyta,Sphagnopsida,Sphagnales,Sphagnaceae,Sphagnum
905,Sphagnum majus (Russow) C.E.O.Jensen,SPECIES,Plantae,Bryophyta,Sphagnopsida,Sphagnales,Sphagnaceae,Sphagnum
906,Sphagnum molle Sull.,SPECIES,Plantae,Bryophyta,Sphagnopsida,Sphagnales,Sphagnaceae,Sphagnum
907,Sphagnum obtusum Warnst.,SPECIES,Plantae,Bryophyta,Sphagnopsida,Sphagnales,Sphagnaceae,Sphagnum
908,Sphagnum palustre L.,SPECIES,Plantae,Bryophyta,Sphagnopsida,Sphagnales,Sphagnaceae,Sphagnum
909,Sphagnum papillosum Lindb.,SPECIES,Plantae,Bryophyta,Sphagnopsida,Sphagnales,Sphagnaceae,Sphagnum
910,Sphagnum platyphyllum (Lindb. ex Braithw.) Warnst.,SPECIES,Plantae,Bryophyta,Sphagnopsida,Sphagnales,Sphagnaceae,Sphagnum
911,Sphagnum quinquefarium (Braithw.) Warnst.,SPECIES,Plantae,Bryophyta,Sphagnopsida,Sphagnales,Sphagnaceae,Sphagnum
912,Sphagnum riparium ngstr.,SPECIES,Plantae,Bryophyta,Sphagnopsida,Sphagnales,Sphagnaceae,Sphagnum
913,Sphagnum rubellum Wilson,SPECIES,Plantae,Bryophyta,Sphagnopsida,Sphagnales,Sphagnaceae,Sphagnum
914,Sphagnum russowii Warnst.,SPECIES,Plantae,Bryophyta,Sphagnopsida,Sphagnales,Sphagnaceae,Sphagnum
915,Sphagnum squarrosum Crome,SPECIES,Plantae,Bryophyta,Sphagnopsida,Sphagnales,Sphagnaceae,Sphagnum
916,Sphagnum subnitens Russow & Warnst.,SPECIES,Plantae,Bryophyta,Sphagnopsida,Sphagnales,Sphagnaceae,Sphagnum
917,Sphagnum subsecundum Nees,SPECIES,Plantae,Bryophyta,Sphagnopsida,Sphagnales,Sphagnaceae,Sphagnum
918,Sphagnum tenellum (Brid.) Pers. ex Brid.,SPECIES,Plantae,Bryophyta,Sphagnopsida,Sphagnales,Sphagnaceae,Sphagnum
919,Sphagnum teres (Schimp.) ngstr.,SPECIES,Plantae,Bryophyta,Sphagnopsida,Sphagnales,Sphagnaceae,Sphagnum
925,Straminergon stramineum (Dicks. ex Brid.) Hedenäs,SPECIES,Plantae,Bryophyta,Bryopsida,Hypnales,Amblystegiaceae,Straminergon
927,Syntrichia calcicola J.J.Amann,SPECIES,Plantae,Bryophyta,Bryopsida,Dicranales,Pottiaceae,Syntrichia
930,Syntrichia laevipila Brid.,SPECIES,Plantae,Bryophyta,Bryopsida,Dicranales,Pottiaceae,Syntrichia
931,Syntrichia latifolia (Bruch ex Hartm.) Huebener,SPECIES,Plantae,Bryophyta,Bryopsida,Dicranales,Pottiaceae,Syntrichia
932,Syntrichia papillosa (Wilson) Jur.,SPECIES,Plantae,Bryophyta,Bryopsida,Dicranales,Pottiaceae,Syntrichia
934,Syntrichia ruraliformis (Besch.) Mans.,SPECIES,Plantae,Bryophyta,Bryopsida,Dicranales,Pottiaceae,Syntrichia
935,Syntrichia ruralis (Hedw.) F.Weber & D.Mohr,SPECIES,Plantae,Bryophyta,Bryopsida,Dicranales,Pottiaceae,Syntrichia
936,Syntrichia virescens (De Not.) Ochyra,SPECIES,Plantae,Bryophyta,Bryopsida,Dicranales,Pottiaceae,Syntrichia
940,Taxiphyllum wissgrillii (Garov.) Wijk & Margad.,SPECIES,Plantae,Bryophyta,Bryopsida,Hypnales,Taxiphyllaceae,Taxiphyllum
946,Tetraphis pellucida Hedw.,SPECIES,Plantae,Bryophyta,Tetraphidopsida,Tetraphidales,Tetraphidaceae,Tetraphis
952,Thamnobryum alopecurum (Hedw.) Gangulee,SPECIES,Plantae,Bryophyta,Bryopsida,Hypnales,Neckeraceae,Thamnobryum
955,Thuidium delicatulum (Hedw.) Schimp.,SPECIES,Plantae,Bryophyta,Bryopsida,Hypnales,Thuidiaceae,Thuidium
958,Thuidium tamariscinum (Hedw.) Schimp.,SPECIES,Plantae,Bryophyta,Bryopsida,Hypnales,Thuidiaceae,Thuidium
963,Tortella flavovirens (Bruch) Broth.,SPECIES,Plantae,Bryophyta,Bryopsida,Dicranales,Pottiaceae,Tortella
964,Tortella inclinata (R.Hedw.) Limpr.,SPECIES,Plantae,Bryophyta,Bryopsida,Dicranales,Pottiaceae,Tortella
967,Tortella tortuosa (Hedw.) Limpr.,SPECIES,Plantae,Bryophyta,Bryopsida,Dicranales,Pottiaceae,Tortella
974,Tortula lindbergii Broth.,SPECIES,Plantae,Bryophyta,Bryopsida,Dicranales,Pottiaceae,Tortula
975,Tortula marginata (Bruch & Schimp.) Spruce,SPECIES,Plantae,Bryophyta,Bryopsida,Dicranales,Pottiaceae,Tortula
976,Tortula caucasica Broth.,SPECIES,Plantae,Bryophyta,Bryopsida,Dicranales,Pottiaceae,Tortula
978,Tortula muralis Hedw.,SPECIES,Plantae,Bryophyta,Bryopsida,Dicranales,Pottiaceae,Tortula
981,Tortula subulata Hedw.,SPECIES,Plantae,Bryophyta,Bryopsida,Dicranales,Pottiaceae,Tortula
982,Tortula truncata (Hedw.) Mitt.,SPECIES,Plantae,Bryophyta,Bryopsida,Dicranales,Pottiaceae,Tortula
983,Tortula vahliana (Schultz) Mont.,SPECIES,Plantae,Bryophyta,Bryopsida,Dicranales,Pottiaceae,Tortula
985,Trematodon ambiguus (Hedw.) Hornsch.,SPECIES,Plantae,Bryophyta,Bryopsida,Dicranales,Bruchiaceae,Trematodon
987,Trichocolea tomentella (Ehrh.) Dumort.,SPECIES,Plantae,Marchantiophyta,Jungermanniopsida,Jungermanniales,Trichocoleaceae,Trichocolea
992,Trichostomum crispulum Bruch,SPECIES,Plantae,Bryophyta,Bryopsida,Dicranales,Pottiaceae,Trichostomum
998,Ulota bruchii Hornsch. ex Brid.,SPECIES,Plantae,Bryophyta,Bryopsida,Orthotrichales,Orthotrichaceae,Ulota
999,Ulota coarctata (P.Beauv.) Hammar,SPECIES,Plantae,Bryophyta,Bryopsida,Orthotrichales,Orthotrichaceae,Ulota
1000,Ulota crispa (Hedw.) Brid. s.l.,SPECIES,Plantae,Bryophyta,Bryopsida,Orthotrichales,Orthotrichaceae,Ulota
1002,"Plenogemma phyllantha (Brid.) Sawicki, Plášek & Ochyra",SPECIES,Plantae,Bryophyta,Bryopsida,Orthotrichales,Orthotrichaceae,Plenogemma
1005,Sarmentypnum exannulatum (Schimp.) Hedenäs,SPECIES,Plantae,Bryophyta,Bryopsida,Hypnales,Amblystegiaceae,Sarmentypnum
1006,Warnstorfia fluitans (Hedw.) Loeske,SPECIES,Plantae,Bryophyta,Bryopsida,Hypnales,Amblystegiaceae,Warnstorfia
1007,Warnstorfia pseudostraminea (Mll.Hal.) Tuom. & T.J.Kop.,SPECIES,Plantae,Bryophyta,Bryopsida,Hypnales,Amblystegiaceae,Warnstorfia
1009,Weissia brachycarpa (Nees & Hornsch.) Jur.,SPECIES,Plantae,Bryophyta,Bryopsida,Dicranales,Pottiaceae,Weissia
1011,Weissia controversa Hedw.,SPECIES,Plantae,Bryophyta,Bryopsida,Dicranales,Pottiaceae,Weissia
1012,Weissia longifolia Mitt.,SPECIES,Plantae,Bryophyta,Bryopsida,Dicranales,Pottiaceae,Weissia
1013,Weissia rostellata (Brid.) Lindb.,SPECIES,Plantae,Bryophyta,Bryopsida,Dicranales,Pottiaceae,Weissia
1014,Weissia rutilans (Hedw.) Lindb.,SPECIES,Plantae,Bryophyta,Bryopsida,Dicranales,Pottiaceae,Weissia
1015,Weissia squarrosa (Nees & Hornsch.) Mll.Hal.,SPECIES,Plantae,Bryophyta,Bryopsida,Dicranales,Pottiaceae,Weissia
1017,Zygodon conoideus (Dicks.) Hook. & Taylor,SPECIES,Plantae,Bryophyta,Bryopsida,Orthotrichales,Orthotrichaceae,Zygodon
1019,Zygodon rupestris Schimp. ex Lorentz,SPECIES,Plantae,Bryophyta,Bryopsida,Orthotrichales,Orthotrichaceae,Zygodon
1020,Zygodon viridissimus (Dicks.) Brid.,SPECIES,Plantae,Bryophyta,Bryopsida,Orthotrichales,Orthotrichaceae,Zygodon
1021,Zygodon viridissimus var. stirtonii (Stirt.) I.Hagen,VARIETY,Plantae,Bryophyta,Bryopsida,Orthotrichales,Orthotrichaceae,Zygodon
8304,Abietinella abietina (Hedw.) M.Fleisch.,SPECIES,Plantae,Bryophyta,Bryopsida,Hypnales,Thuidiaceae,Abietinella
8311,Brachytheciastrum velutinum (Hedw.) Ignatov & Huttunen,SPECIES,Plantae,Bryophyta,Bryopsida,Hypnales,Brachytheciaceae,Brachytheciastrum
8318,Ptychostomum inclinatum (Sw. ex Brid.) J.R.Spence,SPECIES,Plantae,Bryophyta,Bryopsida,Bryales,Bryaceae,Ptychostomum
8320,Cirriphyllum crassinervium (Taylor) Loeske & M.Fleisch.,SPECIES,Plantae,Bryophyta,Bryopsida,Hypnales,Brachytheciaceae,Cirriphyllum
8321,Cleistocarpidium palustre (Bruch & Schimp) Ochyra & Bedn.-Ochyra,SPECIES,Plantae,Bryophyta,Bryopsida,Dicranales,Ditrichaceae,Cleistocarpidium
8324,Didymodon australasiae (Hook. & Grev.) R.H.Zander,SPECIES,Plantae,Bryophyta,Bryopsida,Dicranales,Pottiaceae,Didymodon
8328,Fissidens fontanus (Bach.Pyl.) Steud.,SPECIES,Plantae,Bryophyta,Bryopsida,Dicranales,Fissidentaceae,Fissidens
8330,Hygroamblystegium fluviatile (Hedw.) Loeske,SPECIES,Plantae,Bryophyta,Bryopsida,Hypnales,Amblystegiaceae,Hygroamblystegium
8331,"Hygroamblystegium humile (P.Beauv.) Vanderp., Goffinet & Hedenäs",SPECIES,Plantae,Bryophyta,Bryopsida,Hypnales,Amblystegiaceae,Hygroamblystegium
8332,Hygroamblystegium tenax (Hedw.) Jenn.,SPECIES,Plantae,Bryophyta,Bryopsida,Hypnales,Amblystegiaceae,Hygroamblystegium
8333,Hygroamblystegium varium (Hedw.) M”nk.,SPECIES,Plantae,Bryophyta,Bryopsida,Hypnales,Amblystegiaceae,Hygroamblystegium
8336,Kindbergia praelonga (Hedw.) Ochyra,SPECIES,Plantae,Bryophyta,Bryopsida,Hypnales,Brachytheciaceae,Kindbergia
8337,Mesoptychia collaris (Nees) L.S”derstr. & V ?a,SPECIES,Plantae,Marchantiophyta,Jungermanniopsida,Jungermanniales,Jungermanniaceae,Mesoptychia
8338,Loeskeobryum brevirostre (Brid.) M.Fleisch.,SPECIES,Plantae,Bryophyta,Bryopsida,Hypnales,Hylocomiaceae,Loeskeobryum
8339,Metzgeria violacea (Ach.) Dumort.,SPECIES,Plantae,Marchantiophyta,Jungermanniopsida,Metzgeriales,Metzgeriaceae,Metzgeria
8340,Oxyrrhynchium hians (Hedw.) Loeske,SPECIES,Plantae,Bryophyta,Bryopsida,Hypnales,Brachytheciaceae,Oxyrrhynchium
8341,Microeurhynchium pumilum (Wilson) Ignatov & Vanderp.,SPECIES,Plantae,Bryophyta,Bryopsida,Hypnales,Brachytheciaceae,Microeurhynchium
8342,Oxyrrhynchium schleicheri (R.Hedw.) R”ll,SPECIES,Plantae,Bryophyta,Bryopsida,Hypnales,Brachytheciaceae,Oxyrrhynchium
8343,Oxyrrhynchium speciosum (Brid.) Warnst.,SPECIES,Plantae,Bryophyta,Bryopsida,Hypnales,Brachytheciaceae,Oxyrrhynchium
8344,Tortula acaulon (With.) R.H.Zander,SPECIES,Plantae,Bryophyta,Bryopsida,Dicranales,Pottiaceae,Tortula
8345,Physcomitrella patens (Hedw.) Bruch & Schimp.,SPECIES,Plantae,Bryophyta,Bryopsida,Funariales,Funariaceae,Physcomitrella
8346,Plasteurhynchium striatulum (Spruce) M.Fleisch.,SPECIES,Plantae,Bryophyta,Bryopsida,Hypnales,Brachytheciaceae,Plasteurhynchium
8347,Polytrichum formosum Hedw.,SPECIES,Plantae,Bryophyta,Polytrichopsida,Polytrichales,Polytrichaceae,Polytrichum
8348,Polytrichum longisetum Sw. ex Brid.,SPECIES,Plantae,Bryophyta,Polytrichopsida,Polytrichales,Polytrichaceae,Polytrichum
8349,Tortula protobryoides R.H.Zander,SPECIES,Plantae,Bryophyta,Bryopsida,Dicranales,Pottiaceae,Tortula
8350,Pseudoscleropodium purum (Hedw.) M.Fleisch.,SPECIES,Plantae,Bryophyta,Bryopsida,Hypnales,Entodontaceae,Pseudoscleropodium
8353,Sciuro-hypnum oedipodium (Mitt.) Ignatov & Huttunen,SPECIES,Plantae,Bryophyta,Bryopsida,Hypnales,Brachytheciaceae,Sciuro-hypnum
8354,Sciuro-hypnum plumosum (Hedw.) Ignatov & Huttunen,SPECIES,Plantae,Bryophyta,Bryopsida,Hypnales,Brachytheciaceae,Sciuro-hypnum
8355,Sciuro-hypnum populeum (Hedw.) Ignatov & Huttunen,SPECIES,Plantae,Bryophyta,Bryopsida,Hypnales,Brachytheciaceae,Sciuro-hypnum
8356,Sciuro-hypnum reflexum (Starke) Ignatov & Huttunen,SPECIES,Plantae,Bryophyta,Bryopsida,Hypnales,Brachytheciaceae,Sciuro-hypnum
8359,Syntrichia montana Nees,SPECIES,Plantae,Bryophyta,Bryopsida,Dicranales,Pottiaceae,Syntrichia
8360,Thuidium assimile (Mitt.) A.Jaeger,SPECIES,Plantae,Bryophyta,Bryopsida,Hypnales,Thuidiaceae,Thuidium
8362,Trichodon cylindricus (Hedw.) Schimp.,SPECIES,Plantae,Bryophyta,Bryopsida,Dicranales,Ditrichaceae,Trichodon
8364,Aloina ambigua (Bruch & Schimp.) Limpr.,SPECIES,Plantae,Bryophyta,Bryopsida,Dicranales,Pottiaceae,Aloina
8366,Campylium protensum (Brid.) Kindb.,SPECIES,Plantae,Bryophyta,Bryopsida,Hypnales,Amblystegiaceae,Campylium
8367,Didymodon insulanus (De Not.) M.O.Hill,SPECIES,Plantae,Bryophyta,Bryopsida,Dicranales,Pottiaceae,Didymodon
8368,Ephemerum serratum (Hedw.) Hampe,SPECIES,Plantae,Bryophyta,Bryopsida,Dicranales,Pottiaceae,Ephemerum
8370,Sphagnum auriculatum Schimp.,SPECIES,Plantae,Bryophyta,Sphagnopsida,Sphagnales,Sphagnaceae,Sphagnum
8371,Zygodon stirtonii Schimp. ex Stirt.,SPECIES,Plantae,Bryophyta,Bryopsida,Orthotrichales,Orthotrichaceae,Zygodon
8392,Fissidens gymnandrus Buse,SPECIES,Plantae,Bryophyta,Bryopsida,Dicranales,Fissidentaceae,Fissidens
8394,Grimmia anodon Bruch & Schimp.,SPECIES,Plantae,Bryophyta,Bryopsida,Grimmiales,Grimmiaceae,Grimmia
8433,Zygodon dentatus (Limpr.) Kartt.,SPECIES,Plantae,Bryophyta,Bryopsida,Orthotrichales,Orthotrichaceae,Zygodon
8438,Conocephalum conicum (L.) Dumort. s.l.,SPECIES,Plantae,Marchantiophyta,Marchantiopsida,Marchantiales,Conocephalaceae,Conocephalum
8439,Chiloscyphus polyanthos (L.) Corda,SPECIES,Plantae,Marchantiophyta,Jungermanniopsida,Jungermanniales,Lophocoleaceae,Chiloscyphus
8440,Schistidium apocarpum (Hedw.) Bruch & Schimp. s.l.,SPECIES,Plantae,Bryophyta,Bryopsida,Grimmiales,Grimmiaceae,Schistidium
8441,Palustriella commutata (Hedw.) Ochyra s.l.,SPECIES,Plantae,Bryophyta,Bryopsida,Hypnales,Amblystegiaceae,Palustriella
8445,"Syntrichia ruralis Weber & D.Mohr, 1803",SPECIES,Plantae,Bryophyta,Bryopsida,Pottiales,Pottiaceae,Syntrichia
8446,Syntrichia montana var. calva (Durieu & Sagot) J.J.Amann,VARIETY,Plantae,Bryophyta,Bryopsida,Pottiales,Pottiaceae,Syntrichia
8451,Racomitrium canescens (Hedw.) Brid.,SPECIES,Plantae,Bryophyta,Bryopsida,Grimmiales,Grimmiaceae,Racomitrium
8460,Ptychostomum rubens (Mitt.) Holyoak & N.Pedersen,SPECIES,Plantae,Bryophyta,Bryopsida,Bryales,Bryaceae,Ptychostomum
8472,Sphagnum recurvum P.Beauv.,SPECIES,Plantae,Bryophyta,Sphagnopsida,Sphagnales,Sphagnaceae,Sphagnum
8518,Plagiothecium denticulatum (Hedw.) Schimp.,SPECIES,Plantae,Bryophyta,Bryopsida,Hypnales,Plagiotheciaceae,Plagiothecium
8551,"Bryum erythrocarpum G.Roth, 1905",SPECIES,Plantae,Bryophyta,Bryopsida,Bryales,Bryaceae,Bryum
8636,Schistidium platyphyllum (Mitt.) H.Perss.,SPECIES,Plantae,Bryophyta,Bryopsida,Grimmiales,Grimmiaceae,Schistidium
8637,Riccardia palmata (Hedw.) Carruth.,SPECIES,Plantae,Marchantiophyta,Jungermanniopsida,Metzgeriales,Aneuraceae,Riccardia
8656,Leptodon smithii (Hedw.) F.Weber & D.Mohr,SPECIES,Plantae,Bryophyta,Bryopsida,Hypnales,Neckeraceae,Leptodon
8705,Barbula sardoa (Bruch & Schimp.) J.-P.Frahm,SPECIES,Plantae,Bryophyta,Bryopsida,Pottiales,Pottiaceae,Barbula
8707,"Lewinskya acuminata (H.Philib.) F.Lara, Garilleti & Goffinet",SPECIES,Plantae,Bryophyta,Bryopsida,Orthotrichales,Orthotrichaceae,Lewinskya
8731,Fossombronia caespitiformis De Not. ex Rabenh.,SPECIES,Plantae,Marchantiophyta,Jungermanniopsida,Fossombroniales,Fossombroniaceae,Fossombronia
8839,Riccia crozalsii Levier,SPECIES,Plantae,Marchantiophyta,Marchantiopsida,Marchantiales,Ricciaceae,Riccia
8873,Tortella fasciculata (Culm.) Culm.,SPECIES,Plantae,Bryophyta,Bryopsida,Dicranales,Pottiaceae,Tortella
8884,Cephaloziella spinigera (Lindb.) J›rg.,SPECIES,Plantae,Marchantiophyta,Jungermanniopsida,Jungermanniales,Cephaloziellaceae,Cephaloziella
8893,Drepanocladus kneiffii (Schimp.) Warnst.,SPECIES,Plantae,Bryophyta,Bryopsida,Hypnales,Amblystegiaceae,Drepanocladus
8895,"Drepanocladus (C.Müller Hal.) G.Roth, 1899",GENUS,Plantae,Bryophyta,Bryopsida,Hypnales,Amblystegiaceae,Drepanocladus
8896,"Drepanocladus (C.Müller Hal.) G.Roth, 1899",GENUS,Plantae,Bryophyta,Bryopsida,Hypnales,Amblystegiaceae,Drepanocladus
8897,Drepanocladus polygamus (Schimp.) Hedenäs,SPECIES,Plantae,Bryophyta,Bryopsida,Hypnales,Amblystegiaceae,Drepanocladus
8900,Warnstorfia Loeske,GENUS,Plantae,Bryophyta,Bryopsida,Hypnales,Amblystegiaceae,Warnstorfia
8903,Ulota crispa (Hedw.) Brid. s.s.,SPECIES,Plantae,Bryophyta,Bryopsida,Orthotrichales,Orthotrichaceae,Ulota
8904,Ulota crispula Bruch,SPECIES,Plantae,Bryophyta,Bryopsida,Orthotrichales,Orthotrichaceae,Ulota
